measurement_id,sensor_id,timestamp,value
1,23,2025-04-28 13:22:00,0.01
2,20,2025-05-05 01:07:35,0.18
3,17,2025-05-02 11:04:08,0.25
4,11,2025-04-30 13:35:46,0.16
5,25,2025-05-01 17:44:20,0.12
6,17,2025-04-27 23:28:13,0.16
7,6,2025-05-07 01:18:40,0.22
8,27,2025-05-05 15:58:46,0.16
9,15,2025-04-27 15:30:41,0.21
10,11,2025-05-05 20:42:27,0.07
11,7,2025-05-02 12:40:04,0.29
12,25,2025-04-28 02:12:41,0.25
13,20,2025-05-06 11:21:00,0.04
14,13,2025-05-03 22:26:14,0.02
15,11,2025-05-03 00:31:15,0.11
16,13,2025-05-04 18:53:42,0.08
17,19,2025-05-03 13:01:52,0.2
18,29,2025-05-01 21:33:14,0.08
19,5,2025-05-04 11:39:15,0.17
20,5,2025-04-29 05:26:10,0.02
21,4,2025-04-28 09:29:56,0.1
22,1,2025-04-28 12:52:55,0.28
23,24,2025-04-28 21:57:20,0.19
24,22,2025-04-27 19:28:51,0.18
25,14,2025-05-05 14:13:08,0.0
26,20,2025-04-27 19:46:15,0.13
27,24,2025-05-06 03:25:27,0.07
28,24,2025-05-01 03:04:20,0.1
29,12,2025-05-05 02:35:00,0.0
30,14,2025-05-07 03:29:22,0.0
31,24,2025-04-30 19:50:03,0.09
32,10,2025-04-30 16:09:36,0.12
33,25,2025-05-04 20:40:43,0.05
34,20,2025-05-04 06:34:16,0.1
35,18,2025-05-02 07:34:46,0.14
36,7,2025-05-06 05:47:28,0.19
37,6,2025-05-04 15:35:15,0.12
38,15,2025-05-05 05:33:16,0.11
39,16,2025-05-01 00:13:59,0.06
40,25,2025-04-29 05:21:30,0.05
41,5,2025-05-06 21:34:18,0.01
42,24,2025-04-27 10:52:23,0.16
43,17,2025-05-03 07:25:02,0.15
44,12,2025-04-29 18:19:43,0.1
45,25,2025-05-02 02:55:51,0.04
46,25,2025-05-01 15:08:03,0.26
47,7,2025-05-05 13:58:29,0.15
48,24,2025-05-04 04:21:12,0.29
49,29,2025-05-04 00:45:01,0.05
50,11,2025-04-28 00:32:10,0.04
51,9,2025-04-28 21:37:55,0.12
52,2,,0.24
53,6,2025-05-04 17:37:33,0.16
54,10, ,0.06
55,21,2025-05-01 00:05:09,0.14
56,25,2025-04-30 02:07:15,0.01
57,2,2025-04-30 12:30:52,0.26
58,12,2025-04-30 02:42:25,0.07
59,24,2025-04-27 22:27:37,0.07
60,27,2025-05-04 13:53:37,0.12
61,10,2025-04-27 23:56:35,0.11
62,21,2025-05-01 20:11:26,0.1
63,20,2025-04-27 10:52:41,0.26
64,20,2025-05-03 03:32:38,0.13
65,22,2025-05-01 05:53:37,0.0
66,14,2025-05-05 11:06:41,0.15
67,27,2025-05-06 08:48:02,0.11
68,28,2025-04-29 01:46:39,0.16
69,26,2025-04-30 18:31:17,0.28
70,24,2025-04-28 03:46:10,0.3
71,30,2025-05-02 05:52:21,0.03
72,10,2025-04-27 21:09:52,0.01
73,20,2025-05-01 08:23:00,0.05
74,23,2025-04-30 07:07:21,0.22
75,25,2025-04-29 01:41:59,0.02
76,5,2025-05-01 01:36:27,0.08
77,19,2025-04-28 01:19:38,0.05
78,8,2025-05-02 01:49:28,0.05
79,24,2025-05-03 16:31:53,0.23
80,5,2025-05-06 22:27:07,0.03
81,21,2025-05-05 19:14:37,0.2
82,15,2025-04-28 19:55:04,0.04
83,16,2025-04-30 08:04:38,0.1
84,28,2025-04-29 04:40:26,0.2
85,20,2025-05-06 20:22:42,0.02
86,16,2025-05-02 10:42:02,0.12
87,3,2025-05-06 15:09:10,0.18
88,11,2025-05-06 06:20:59,0.07
89,8,2025-05-02 11:30:07,0.35
90,23,2025-04-28 00:54:12,0.12
91,8,2025-04-30 09:22:48,0.13
92,11,2025-04-30 14:42:25,0.18
93,5,2025-04-29 13:43:29,0.31
94,22,2025-05-02 05:27:48,0.01
95,19,2025-05-02 10:52:08,0.12
96,14,2025-04-28 21:47:18,0.12
97,23,2025-04-30 00:24:58,0.09
98,23,2025-05-02 02:36:50,0.15
99,21,2025-04-30 11:49:41,0.21
100,4,2025-05-02 08:00:04,0.24
101,28,2025-05-07 02:43:26,0.08
102,23,2025-05-01 12:19:01,0.2
103,27,2025-05-01 16:21:59,0.04
104,4,2025-04-28 20:12:36,0.13
105,25,2025-04-30 10:15:26,0.05
106,30,2025-04-30 05:50:44,0.16
107,5,2025-05-05 15:57:54,0.15
108,6,2025-05-02 10:16:27,0.08
109,19,2025-05-06 13:35:09,0.13
110,9,2025-04-30 14:49:16,0.17
111,21,2025-05-02 13:31:18,0.17
112,12,2025-05-02 23:41:44,0.04
113,28,2025-04-29 03:23:12,0.06
114,28,2025-05-01 05:03:01,0.12
115,24,2025-05-03 03:38:39,0.12
116,3,2025-05-06 23:39:27,0.05
117,20,2025-05-01 06:51:06,0.12
118,18,2025-05-06 18:31:51,0.14
119,26,2025-05-02 10:39:37,0.01
120,22,2025-05-06 20:01:14,0.3
121,17,2025-05-01 17:13:51,0.09
122,15,2025-05-06 02:51:41,0.22
123,27,2025-05-01 10:02:32,0.01
124,16,2025-05-02 14:38:08,0.13
125,2,2025-04-29 18:26:32,0.22
126,28,2025-04-28 18:29:17,0.01
127,15,2025-05-04 06:07:13,0.13
128,28,2025-05-07 06:29:04,0.07
129,1,2025-05-04 04:33:00,0.05
130,3,2025-04-29 17:37:13,0.18
131,4,2025-05-02 22:22:36,0.07
132,15,2025-05-04 05:41:44,0.14
133,21,2025-05-03 10:34:42,0.15
134,12,2025-05-06 19:42:46,0.12
135,17,2025-05-04 02:55:29,0.17
136,13,2025-05-01 02:03:08,0.17
137,15,2025-04-30 14:38:49,0.14
138,27,2025-05-01 04:52:37,0.08
139,27,2025-05-06 10:04:56,0.0
140,24,2025-04-27 14:29:12,0.12
141,14,2025-04-27 18:12:40,0.21
142,8,2025-05-03 12:19:22,0.09
143,30,2025-05-02 04:00:34,0.13
144,14,2025-05-01 07:18:03,0.09
145,27,2025-05-01 08:53:23,0.05
146,24,2025-05-04 06:11:33,0.09
147,14,2025-05-02 20:59:15,0.08
148,16,2025-04-28 21:12:29,0.14
149,25,2025-04-30 03:33:25,0.15
150,10,2025-05-02 16:34:28,0.07
151,19,2025-04-29 14:14:15,0.19
152,28,2025-05-06 07:57:05,0.05
153,19,2025-05-01 16:30:18,0.14
154,8,2025-04-30 07:32:05,0.28
155,17,2025-05-06 13:58:16,0.09
156,11,2025-05-07 01:02:37,0.07
157,21,2025-04-30 21:24:04,0.01
158,30,2025-05-04 09:29:59,0.01
159,9,2025-05-04 04:00:41,0.14
160,14,2025-05-02 09:02:49,0.19
161,22,2025-05-04 01:52:32,0.09
162,17,2025-04-28 14:22:08,0.08
163,16,2025-04-30 02:30:43,0.11
164,14,2025-04-30 20:35:23,0.05
165,18,2025-05-01 04:10:29,0.29
166,16,2025-05-05 22:57:29,0.19
167,20,2025-04-30 20:34:17,0.09
168,21,2025-05-06 08:23:02,0.05
169,29,2025-05-05 09:32:53,0.05
170,3,2025-05-01 11:25:13,0.1
171,17,2025-05-05 00:35:45,0.01
172,19,2025-05-03 12:39:49,0.09
173,26,2025-04-29 23:51:30,0.07
174,21,2025-05-04 22:43:25,0.06
175,19,2025-05-02 08:11:28,0.24
176,19,2025-04-30 17:01:26,0.07
177,4,2025-05-04 00:43:47,0.02
178,4,2025-05-01 17:41:34,0.14
179,22,2025-05-02 04:08:22,0.01
180,27,2025-05-01 23:41:09,0.01
181,23,2025-04-30 21:27:33,0.19
182,18,2025-05-05 08:40:15,0.08
183,17,2025-05-05 00:32:05,0.11
184,27,2025-05-03 14:15:27,0.05
185,8,2025-05-01 02:31:53,0.08
186,25,2025-05-05 23:48:23,0.06
187,29,2025-05-04 15:31:29,0.33
188,14,2025-04-30 18:26:02,0.05
189,3,2025-05-03 13:37:23,0.03
190,17,2025-05-05 18:55:07,0.16
191,13,2025-05-05 08:05:43,0.22
192,17,2025-05-02 04:43:32,0.11
193,30,2025-04-27 16:22:35,0.13
194,1,2025-05-01 10:48:50,0.13
195,26,2025-05-05 16:10:57,0.14
196,30,2025-05-05 03:15:20,0.04
197,10,2025-05-01 18:00:30,0.14
198,9,2025-05-05 21:19:04,0.08
199,24,2025-05-06 00:29:38,0.12
200,24,2025-05-01 22:24:56,0.02
201,21,2025-05-03 04:18:45,0.11
202,9,2025-04-28 13:42:11,0.12
203,7,2025-05-03 20:37:59,0.29
204,19,2025-05-02 15:21:48,0.09
205,11,2025-05-02 10:51:08,0.06
206,1,2025-05-04 00:57:26,0.03
207,8,2025-04-30 02:12:21,0.08
208,8,2025-05-01 09:50:07,0.06
209,29,2025-05-02 11:22:26,0.18
210,16,2025-05-01 17:20:44,0.25
211,1,2025-05-04 02:13:01,0.05
212,13,2025-05-03 14:45:01,0.11
213,15,2025-05-02 06:28:26,0.11
214,18,2025-05-07 03:04:48,0.04
215,18,2025-05-01 08:54:39,0.07
216,4,2025-05-04 13:44:32,0.01
217,18,2025-04-29 05:49:22,0.12
218,8,2025-05-01 02:12:05,0.02
219,20,2025-04-27 19:35:37,0.08
220,19,2025-05-05 08:21:32,0.19
221,150,2025-04-28 10:14:24,0.05
222,29,2025-04-29 03:55:42,0.25
223,9,2025-04-29 13:43:48,0.18
224,13,2025-04-28 22:49:52,0.13
225,10,2025-04-28 11:29:20,0.01
226,49,2025-05-04 23:21:29,0.1
227,25,2025-05-03 21:54:45,0.07
228,6,2025-04-29 19:53:04,0.07
229,27,2025-04-30 08:46:04,0.12
230,3,2025-05-02 16:55:47,0.27
231,16,2025-05-01 16:53:03,0.13
232,11,2025-05-02 03:11:24,0.29
233,1,2025-04-29 07:14:22,0.08
234,5,2025-04-27 22:26:29,0.02
235,21,2025-05-03 22:06:37,0.04
236,25,2025-05-05 09:55:55,0.16
237,23,2025-04-27 08:58:47,0.2
238,4,2025-04-29 19:52:49,0.07
239,3,2025-04-27 16:59:20,0.11
240,6,2025-04-28 23:49:21,0.02
241,26,2025-04-30 21:16:22,0.04
242,3,2025-04-27 16:14:50,0.15
243,3,2025-05-05 13:57:16,0.08
244,16,2025-05-02 14:39:42,0.03
245,231,2025-05-03 05:57:47,0.07
246,28,2025-04-28 10:05:15,0.09
247,1,2025-04-27 13:39:14,0.24
248,28,2025-05-04 00:14:53,0.41
249,5,2025-04-29 15:36:11,0.06
250,1,2025-05-05 05:59:26,0.11
251,1,2025-05-05 21:30:51,0.08
252,10,2025-05-02 04:15:48,0.14
253,28,2025-05-04 02:07:05,0.23
254,11,2025-04-30 11:44:24,0.05
255,17,2025-04-29 11:21:19,0.22
256,24,2025-04-27 10:45:27,0.11
257,12,2025-04-27 10:15:03,0.01
258,17,2025-05-05 15:59:58,0.11
259,13,2025-04-28 01:21:48,0.1
260,13,2025-04-28 07:55:21,0.14
261,4,2025-05-07 04:19:15,0.09
262,11,2025-05-06 21:47:32,0.08
263,27,2025-05-03 21:44:30,0.07
264,30,2025-05-03 18:37:09,0.26
265,10,2025-04-28 19:04:33,0.09
266,23,2025-05-03 13:07:41,0.12
267,6,2025-05-02 15:41:51,0.22
268,17,2025-05-06 04:07:00,0.14
269,29,2025-05-06 07:13:09,0.05
270,16,2025-04-27 20:09:05,0.05
271,22,2025-04-28 18:28:32,0.02
272,17,2025-05-07 07:37:33,0.11
273,13,2025-05-01 08:14:58,0.26
274,27,2025-04-30 23:28:13,0.13
275,23,2025-05-06 08:52:38,0.08
276,13,2025-04-29 04:29:33,0.05
277,19,2025-04-29 01:33:10,0.1
278,12,2025-05-05 23:29:03,0.03
279,21,2025-05-06 13:19:12,0.11
280,19,2025-05-04 23:50:13,0.15
281,1,2025-05-05 22:16:04,0.01
282,3,2025-04-28 05:19:07,0.12
283,13,2025-05-06 16:35:53,0.08
284,19,2025-04-28 11:54:38,0.33
285,29,2025-04-30 23:27:47,0.21
286,26,2025-05-01 17:51:16,0.3
287,19,2025-05-03 18:20:44,0.06
288,28,2025-04-30 20:20:16,0.03
289,5,2025-05-07 04:32:04,0.36
290,19,2025-05-04 03:17:13,0.05
291,27,2025-04-27 11:11:45,0.13
292,13,2025-05-05 06:09:00,0.15
293,15,2025-05-02 09:59:17,0.06
294,17,2025-05-05 08:26:48,0.13
295,24,2025-04-28 19:53:03,0.16
296,12,2025-04-29 18:30:37,0.06
297,6,2025-05-01 10:30:44,0.09
298,16,2025-05-04 15:43:56,0.02
299,12,2025-05-07 04:21:21,0.21
300,23,2025-04-30 15:27:18,0.09
301,26,2025-05-06 13:08:01,0.43
302,30,2025-05-05 13:36:07,0.02
303,24,2025-05-06 07:53:44,0.31
304,25,2025-05-06 13:58:52,0.02
305,19,2025-05-05 09:47:50,0.21
306,14,2025-04-28 12:01:34,0.12
307,27,2025-05-05 06:48:36,0.22
308,15,2025-05-01 20:18:57,0.07
309,4,2025-04-29 22:45:00,0.09
310,9,2025-05-01 11:25:31,0.24
311,8,2025-05-06 08:37:40,0.08
312,17,2025-05-04 00:37:45,0.21
313,1,2025-05-01 11:40:26,0.09
314,13,2025-04-27 12:46:27,0.2
315,15,2025-04-28 23:47:22,0.17
316,16,2025-04-30 09:34:10,0.12
317,18,2025-05-01 23:04:59,0.3
318,11,2025-05-02 12:51:44,0.08
319,3,2025-04-30 12:36:12,0.02
320,30,2025-05-02 08:36:52,0.14
321,21,2025-04-29 13:45:54,0.21
322,24,2025-04-28 02:00:22,0.05
323,3,2025-04-28 15:22:25,0.2
324,7,2025-04-30 11:57:14,0.15
325,30,2025-04-30 14:36:13,0.15
326,5,2025-05-03 01:59:04,0.17
327,13,2025-05-03 01:38:55,0.18
328,9,2025-05-01 13:14:13,0.18
329,1,2025-04-27 23:23:35,0.14
330,8,2025-05-06 23:11:52,0.21
331,23,2025-05-05 22:01:38,0.02
332,4,2025-04-30 03:47:47,0.1
333,30,2025-05-05 05:02:31,0.31
334,13,2025-04-30 06:49:10,0.18
335,13,2025-04-30 17:48:48,0.03
336,2,2025-05-03 22:33:21,0.13
337,10,2025-04-28 03:24:06,0.09
338,2,2025-05-05 03:27:57,0.06
339,2,2025-04-29 18:35:00,0.2
340,28,2025-05-07 03:54:05,0.22
341,2,2025-04-30 07:03:10,0.19
342,14,2025-04-29 20:06:42,0.04
343,24,2025-05-04 19:11:42,0.18
344,29,2025-04-30 08:16:39,0.08
345,7,2025-05-05 20:17:03,0.05
346,9,2025-04-30 06:18:30,0.09
347,30,2025-05-06 13:08:04,0.11
348,21,2025-04-27 14:18:57,0.13
349,19,2025-04-29 18:09:49,0.01
350,17,2025-05-06 06:10:10,0.13
351,23,2025-05-04 02:38:40,0.2
352,10,2025-05-04 20:40:30,0.12
353,4,2025-05-02 00:12:01,0.04
354,18,2025-05-03 20:44:24,0.12
355,14,2025-04-29 22:37:54,0.06
356,21,2025-04-29 17:15:30,0.08
357,24,2025-04-29 06:03:03,0.15
358,4,2025-05-06 02:14:46,0.07
359,13,2025-04-29 08:11:54,0.12
360,12,2025-05-04 04:15:01,0.14
361,23,2025-04-27 10:52:10,0.16
362,9,2025-05-05 10:55:40,0.18
363,12,2025-04-30 09:06:41,0.01
364,17,2025-04-27 23:27:20,0.08
365,26,2025-05-05 13:18:36,0.17
366,22,2025-05-05 17:25:51,0.19
367,6,2025-05-01 05:46:50,0.12
368,8,2025-05-05 16:02:29,0.19
369,9,2025-05-02 03:30:07,0.15
370,29,2025-05-02 06:51:15,0.08
371,28,2025-05-07 07:36:38,0.07
372,19,2025-04-28 18:27:19,0.02
373,9,2025-04-30 07:10:50,0.05
374,4,2025-04-30 15:58:37,0.19
375,18,2025-04-29 13:30:29,0.08
376,17,2025-05-01 19:12:16,0.19
377,6,2025-05-06 18:58:48,0.14
378,5,2025-04-30 13:30:38,0.09
379,17,2025-04-29 08:08:39,0.09
380,1,2025-05-01 22:48:09,0.3
381,28,2025-05-05 02:59:28,0.24
382,10,2025-05-03 11:18:38,0.19
383,15,2025-04-27 14:52:08,0.15
384,13,2025-05-03 12:20:35,0.02
385,5,2025-05-05 19:52:23,0.11
386,30,2025-04-27 14:31:26,0.12
387,9,2025-04-30 04:17:05,0.12
388,12,2025-04-30 23:49:47,0.07
389,5,2025-05-02 19:03:21,0.09
390,16,2025-05-05 20:50:54,0.05
391,7,2025-05-01 08:54:19,0.18
392,15,2025-05-06 02:43:57,0.1
393,16,2025-05-05 00:20:03,0.04
394,12,2025-04-27 21:49:19,0.02
395,9,2025-05-03 08:38:03,0.22
396,2,2025-05-05 17:57:32,0.07
397,16,2025-04-29 04:00:09,0.19
398,22,2025-04-30 08:40:46,0.07
399,24,2025-05-01 01:36:31,0.21
400,23,2025-04-29 14:23:07,0.16
401,13,2025-04-30 12:32:48,0.09
402,8,2025-04-30 08:43:36,0.06
403,7,2025-05-01 20:16:31,0.14
404,6,2025-05-06 07:46:37,0.04
405,12,2025-04-30 12:23:12,0.11
406,22,2025-05-05 00:57:30,0.07
407,22,2025-05-04 14:04:17,0.02
408,11,2025-04-29 12:18:49,0.12
409,3,2025-05-06 23:35:21,0.2
410,22,2025-05-02 21:51:28,0.15
411,10,2025-05-06 00:12:35,0.01
412,10,2025-05-06 02:29:36,0.11
413,14,2025-05-04 04:50:01,0.13
414,2,2025-05-03 11:42:49,0.08
415,22,2025-05-02 11:23:52,0.12
416,3,2025-05-03 15:45:45,0.11
417,25,2025-05-02 06:07:25,0.01
418,12,2025-05-01 19:18:23,0.22
419,22,2025-04-30 10:23:43,0.19
420,25,2025-04-27 08:25:15,0.01
421,4,2025-05-01 06:27:55,0.09
422,1,2025-04-30 05:07:29,0.05
423,20,2025-05-01 12:58:18,0.07
424,17,2025-05-04 06:57:42,0.07
425,8,2025-04-28 11:49:18,0.02
426,15,2025-04-30 12:51:41,0.11
427,30,2025-05-05 00:09:30,0.01
428,7,2025-04-27 10:23:07,0.05
429,21,2025-05-07 06:28:15,0.22
430,7,2025-05-04 12:07:28,0.02
431,20,2025-05-07 03:47:17,0.2
432,16,2025-04-30 17:08:48,0.29
433,11,2025-04-30 19:23:10,0.16
434,4,2025-05-04 20:22:13,0.3
435,15,2025-04-28 06:40:35,0.15
436,8,2025-04-30 01:59:12,0.29
437,1,2025-04-28 12:14:49,0.06
438,13,2025-05-07 04:41:56,0.18
439,22,2025-05-04 15:32:02,0.13
440,2,2025-05-03 23:39:41,0.11
441,28,2025-04-27 13:09:38,0.03
442,12,2025-04-30 05:56:22,0.1
443,26,2025-05-05 11:23:43,0.12
444,23,2025-04-30 19:52:15,0.1
445,5,2025-05-03 07:40:28,0.31
446,11,2025-05-05 00:39:52,0.14
447,15,2025-04-30 12:05:49,0.25
448,17,2025-04-27 22:57:51,0.13
449,27,2025-05-02 03:46:44,0.18
450,25,2025-04-28 23:53:22,0.24
451,26,2025-04-29 15:50:31,0.05
452,19,2025-05-06 02:47:59,0.19
453,11,2025-04-27 09:39:57,0.1
454,4,2025-05-02 17:53:15,0.14
455,15,2025-05-02 09:31:40,0.14
456,1,2025-05-05 10:13:54,0.0
457,17,2025-05-02 13:21:42,0.08
458,22,2025-04-30 11:44:19,0.14
459,28,2025-04-29 06:45:37,0.03
460,14,2025-05-03 05:46:43,0.11
461,18,2025-04-29 12:36:20,0.14
462,20,2025-05-03 21:17:27,0.12
463,20,2025-05-05 09:04:06,0.07
464,2,2025-05-01 07:28:11,0.03
465,15,2025-05-03 19:12:57,0.15
466,14,2025-05-06 04:55:32,0.09
467,5,2025-05-05 17:20:33,0.17
468,30,2025-05-02 03:08:18,0.12
469,18,2025-04-30 19:11:53,0.03
470,30,2025-05-06 00:57:49,0.12
471,3,2025-05-02 10:18:57,0.08
472,12,2025-05-06 08:16:08,0.02
473,13,2025-05-02 04:03:41,0.06
474,6,2025-05-06 04:37:28,0.16
475,9,2025-04-30 00:29:49,0.1
476,11,2025-05-01 01:33:53,0.13
477,5,2025-04-27 23:26:28,0.3
478,23,2025-05-04 18:47:38,0.04
479,6,2025-05-06 23:15:19,0.12
480,4,2025-05-02 21:31:58,0.1
481,12,2025-05-05 06:57:24,0.14
482,23,2025-05-06 04:00:56,0.1
483,8,2025-04-28 02:27:52,0.09
484,4,2025-04-30 18:55:49,0.02
485,15,2025-05-05 05:54:55,0.08
486,17,2025-05-03 03:04:57,0.05
487,27,2025-05-01 06:37:01,0.13
488,5,2025-05-05 22:56:13,0.21
489,10,2025-04-27 17:30:59,0.05
490,28,2025-05-01 10:00:44,0.23
491,10,2025-05-02 00:52:52,0.05
492,23,2025-05-02 10:20:52,0.15
493,8,2025-05-01 13:49:37,0.04
494,27,2025-05-03 07:55:19,0.18
495,25,2025-04-29 12:38:42,0.19
496,13,2025-05-04 20:59:41,0.08
497,10,2025-04-27 09:43:17,0.45
498,7,2025-05-06 23:20:17,0.05
499,17,2025-05-06 15:36:16,0.03
500,30,2025-04-28 16:31:29,0.12
501,3,2025-05-01 06:25:00,0.09
502,26,2025-04-30 06:44:55,0.03
503,14,2025-05-01 15:59:45,0.22
504,18,2025-05-04 18:19:15,0.09
505,4,2025-04-27 14:13:39,0.02
506,1,2025-04-27 08:13:22,0.17
507,17,2025-05-01 22:27:37,0.14
508,9,2025-05-04 20:04:57,0.01
509,29,2025-05-06 07:48:42,0.27
510,24,2025-04-27 09:22:15,0.05
511,19,2025-05-01 23:12:30,0.08
512,19,2025-05-02 08:09:28,0.02
513,19,2025-05-06 04:16:58,0.08
514,23,2025-04-28 21:23:20,0.01
515,7,2025-05-04 16:54:25,0.07
516,14,2025-04-27 23:32:26,0.21
517,4,2025-05-06 10:09:37,0.04
518,8,2025-05-06 20:51:41,0.12
519,9,2025-05-07 05:34:05,0.17
520,14,2025-04-27 18:37:12,0.06
521,28,2025-05-06 13:37:47,0.04
522,26,2025-05-02 21:11:01,0.24
523,15,2025-05-06 20:04:22,0.09
524,15,2025-05-06 21:19:27,0.2
525,24,2025-05-06 07:50:41,0.19
526,24,2025-05-05 05:43:54,0.17
527,10,2025-05-07 01:18:28,0.11
528,17,2025-05-06 15:12:32,0.23
529,23,2025-05-04 09:25:59,0.08
530,21,2025-05-05 19:10:42,0.17
531,30,2025-04-29 10:47:30,0.34
532,28,2025-04-27 10:30:30,0.19
533,22,2025-05-04 18:49:21,0.24
534,8,2025-05-05 22:43:52,0.02
535,7,2025-04-27 18:30:03,0.2
536,22,2025-05-03 07:32:31,0.08
537,15,2025-05-02 16:36:56,0.04
538,19,2025-05-06 03:08:11,0.0
539,4,2025-05-06 09:01:41,0.17
540,23,2025-05-07 01:31:05,0.15
541,26,2025-05-06 09:51:52,0.01
542,25,2025-05-03 16:22:24,0.02
543,16,2025-05-02 22:58:44,0.05
544,30,2025-05-05 18:15:33,0.15
545,16,2025-04-29 05:24:58,0.25
546,17,2025-05-06 21:37:47,0.07
547,16,2025-04-28 13:23:22,0.11
548,10,2025-05-03 00:53:49,0.02
549,27,2025-05-03 15:16:01,0.11
550,17,2025-05-06 00:37:48,0.07
551,11,2025-05-06 16:47:44,0.07
552,17,2025-05-03 12:20:09,0.33
553,4,2025-05-03 17:15:04,0.11
554,27,2025-05-02 20:10:15,0.15
555,21,2025-05-04 20:28:59,0.25
556,25,2025-05-06 11:45:51,0.13
557,19,2025-05-05 08:20:21,0.16
558,24,2025-04-29 10:00:46,0.08
559,2,2025-05-06 20:56:29,0.21
560,27,2025-05-07 01:22:43,0.2
561,6,2025-04-29 20:24:50,0.12
562,7,2025-05-01 08:20:33,0.15
563,29,2025-05-01 10:45:45,0.06
564,27,2025-04-27 20:06:04,0.17
565,9,2025-04-27 20:24:27,0.04
566,6,2025-05-06 06:18:46,0.01
567,20,2025-05-02 07:36:51,0.21
568,15,2025-04-27 19:35:50,0.19
569,13,2025-04-29 02:39:18,0.1
570,3,2025-05-04 12:19:38,0.17
571,26,2025-04-28 14:28:14,0.15
572,4,2025-04-27 09:09:01,0.05
573,18,2025-05-03 07:58:23,0.13
574,1,2025-05-03 03:57:47,0.07
575,14,2025-04-28 16:45:00,0.11
576,6,2025-05-02 20:51:53,0.39
577,25,2025-05-01 14:47:49,0.33
578,21,2025-04-30 16:48:23,0.29
579,1,2025-05-02 01:23:51,0.08
580,8,2025-05-03 11:27:51,0.09
581,13,2025-04-29 02:57:35,0.12
582,4,2025-05-05 18:18:11,0.12
583,12,2025-04-29 13:38:42,0.17
584,19,2025-05-01 16:07:54,0.06
585,25,2025-05-05 15:29:46,0.04
586,24,2025-04-29 19:13:30,0.18
587,23,2025-05-03 00:09:23,0.22
588,19,2025-05-01 07:18:33,0.13
589,19,2025-05-03 19:15:40,0.11
590,30,2025-05-01 09:59:36,0.04
591,21,2025-04-30 18:41:56,0.0
592,17,2025-05-07 01:59:43,0.04
593,6,2025-05-03 05:11:40,0.22
594,14,2025-04-28 14:51:55,0.01
595,5,2025-05-05 23:34:02,0.05
596,19,2025-04-27 15:23:23,0.07
597,22,2025-05-03 15:30:08,0.06
598,15,2025-05-04 10:11:38,0.08
599,7,2025-04-29 21:02:44,0.12
600,22,2025-05-06 14:43:28,0.15
601,7,2025-05-02 07:52:02,0.02
602,19,2025-04-29 00:46:56,0.15
603,22,2025-05-06 02:43:12,0.14
604,9,2025-04-28 10:56:25,0.08
605,25,2025-04-29 18:23:23,0.1
606,10,2025-04-29 07:00:30,0.07
607,17,2025-05-05 18:12:34,0.11
608,28,2025-05-04 18:21:51,0.01
609,30,2025-05-06 05:52:18,0.03
610,20,2025-05-05 22:10:49,0.12
611,9,2025-04-29 07:00:20,0.11
612,7,2025-05-04 22:15:50,0.04
613,27,2025-05-04 09:48:16,0.14
614,3,2025-05-07 06:50:41,0.35
615,16,2025-04-29 11:53:04,0.18
616,6,2025-04-29 04:59:24,0.31
617,22,2025-05-04 11:55:50,0.13
618,27,2025-05-05 04:31:43,0.01
619,29,2025-04-30 20:08:32,0.28
620,19,2025-04-27 11:43:44,0.04
621,20,2025-05-06 12:04:35,0.11
622,21,2025-04-29 00:21:42,0.01
623,2,2025-04-27 18:13:14,0.01
624,27,2025-05-06 19:59:32,0.25
625,10,2025-05-02 18:54:16,0.29
626,6,2025-05-01 13:10:37,0.04
627,9,2025-05-06 19:53:57,0.06
628,2,2025-05-02 03:00:00,0.12
629,29,2025-05-04 20:46:09,0.32
630,27,2025-05-01 05:58:03,0.0
631,22,2025-04-28 17:46:12,0.16
632,30,2025-05-03 04:41:10,0.23
633,25,2025-05-02 04:37:14,0.11
634,13,2025-05-04 10:17:46,0.05
635,4,2025-04-28 23:37:49,0.11
636,19,2025-05-01 16:18:10,0.17
637,1,2025-04-30 00:40:04,0.17
638,14,2025-05-05 20:09:01,0.01
639,10,2025-04-27 23:39:09,0.02
640,6,2025-05-02 21:53:48,0.17
641,17,2025-05-05 14:20:00,0.27
642,18,2025-04-28 16:54:37,0.1
643,3,2025-04-28 14:52:53,0.14
644,4,2025-05-02 03:30:29,0.13
645,29,2025-05-02 19:29:04,0.18
646,19,2025-04-30 06:02:19,0.16
647,24,2025-04-30 03:47:38,0.13
648,9,2025-05-07 02:13:06,0.05
649,10,2025-04-28 21:59:04,0.0
650,7,2025-05-02 01:58:26,0.16
651,17,2025-05-03 14:18:49,0.0
652,30,2025-04-29 21:24:16,0.09
653,26,2025-04-28 21:39:10,0.26
654,30,2025-04-27 23:33:31,0.26
655,16,2025-04-29 08:17:06,0.18
656,19,2025-05-05 09:55:08,0.07
657,4,2025-05-07 02:47:26,0.11
658,14,2025-04-29 02:55:23,0.17
659,3,2025-05-03 23:46:57,0.24
660,24,2025-04-27 08:29:05,0.17
661,27,2025-05-06 06:39:43,0.02
662,10,2025-05-06 04:50:43,0.1
663,17,2025-05-06 10:45:17,0.12
664,25,2025-05-04 07:23:01,0.18
665,7,2025-05-06 04:04:39,0.02
666,22,2025-05-02 14:34:53,0.04
667,5,2025-05-07 04:12:23,0.21
668,21,2025-04-29 22:01:23,0.16
669,2,2025-05-01 11:23:51,0.03
670,28,2025-05-06 15:07:19,0.17
671,6,2025-05-04 18:28:52,0.06
672,28,2025-05-02 17:41:17,0.1
673,11,2025-04-28 01:14:48,0.05
674,11,2025-04-27 18:38:41,0.19
675,26,2025-05-05 09:22:55,0.03
676,22,2025-04-29 05:24:55,0.1
677,24,2025-04-29 11:23:15,0.05
678,18,2025-04-29 18:57:54,0.24
679,25,2025-05-04 03:32:18,0.03
680,16,2025-05-02 05:52:22,0.05
681,29,2025-04-28 04:04:41,0.18
682,13,2025-05-04 04:15:44,0.13
683,15,2025-05-06 08:53:44,0.03
684,5,2025-05-02 19:13:28,0.13
685,1,2025-05-05 05:03:17,0.01
686,24,2025-05-03 05:50:56,0.02
687,10,2025-05-01 13:14:00,0.11
688,26,2025-04-28 18:55:58,0.15
689,20,2025-05-07 03:15:21,0.11
690,14,2025-05-03 22:44:19,0.11
691,23,2025-04-29 21:56:42,0.09
692,10,2025-04-28 22:12:13,0.13
693,17,2025-04-27 20:47:44,0.17
694,1,2025-05-06 17:01:58,0.1
695,17,2025-05-05 14:32:22,0.08
696,19,2025-04-29 01:04:31,0.01
697,13,2025-05-03 12:08:18,0.04
698,22,2025-05-03 02:17:30,0.1
699,5,2025-04-28 04:53:33,0.19
700,23,2025-04-30 17:30:51,0.15
701,16,2025-05-06 03:33:52,0.06
702,22,2025-05-01 10:58:54,0.26
703,9,2025-05-04 08:57:21,0.15
704,13,2025-05-04 07:38:42,0.01
705,14,2025-04-29 13:33:46,0.08
706,13,2025-05-02 14:15:55,0.14
707,17,2025-05-07 02:19:48,0.16
708,5,2025-05-02 21:37:52,0.14
709,6,2025-04-28 15:52:22,0.03
710,22,2025-05-02 20:42:07,0.2
711,1,2025-05-06 02:15:28,0.0
712,10,2025-04-28 11:41:19,0.08
713,19,2025-05-02 02:55:38,0.03
714,28,2025-04-29 04:26:51,0.03
715,19,2025-05-01 05:52:04,0.11
716,28,2025-05-02 13:24:08,0.05
717,11,2025-04-28 08:15:20,0.04
718,15,2025-04-28 14:17:45,0.04
719,30,2025-05-02 05:35:50,0.11
720,29,2025-05-04 07:16:53,0.14
721,9,2025-05-05 04:32:38,0.06
722,19,2025-05-07 05:10:01,0.09
723,3,2025-05-07 02:20:45,0.21
724,1,2025-05-05 12:46:03,0.21
725,29,2025-05-06 12:37:14,0.16
726,22,2025-05-05 21:58:01,0.1
727,1,2025-05-05 19:18:04,0.15
728,13,2025-05-03 02:00:42,0.32
729,16,2025-05-04 21:29:28,0.01
730,29,2025-05-03 10:35:30,0.13
731,7,2025-05-07 05:50:03,0.14
732,7,2025-05-02 20:42:27,0.02
733,13,2025-05-03 19:29:34,0.19
734,7,2025-05-05 05:12:26,0.08
735,26,2025-05-06 08:09:32,0.17
736,17,2025-05-01 09:02:09,0.13
737,30,2025-05-02 09:03:15,0.36
738,21,2025-05-04 17:34:10,0.01
739,11,2025-05-05 14:59:58,0.01
740,25,2025-05-06 11:59:40,0.18
741,22,2025-04-28 10:25:22,0.13
742,1,2025-04-30 21:16:38,0.28
743,29,2025-04-30 08:31:09,0.14
744,19,2025-05-01 12:28:07,0.13
745,12,2025-04-29 10:03:12,0.21
746,14,2025-05-05 16:38:01,0.04
747,29,2025-04-27 23:40:18,0.13
748,13,2025-05-01 07:49:10,0.07
749,15,2025-05-04 21:33:09,0.02
750,30,2025-04-29 14:07:37,0.09
751,25,2025-04-28 14:12:00,0.07
752,25,2025-04-30 10:09:38,0.19
753,8,2025-05-04 12:48:43,0.04
754,2,2025-05-01 20:55:45,0.12
755,13,2025-05-01 00:45:39,0.07
756,29,2025-05-04 13:14:55,0.23
757,27,2025-04-30 16:05:38,0.09
758,3,2025-04-30 12:56:18,0.04
759,22,2025-04-28 06:12:36,0.17
760,23,2025-05-02 17:21:42,0.25
761,30,2025-04-30 12:54:46,0.05
762,11,2025-05-03 18:16:14,0.04
763,26,2025-04-30 10:56:46,0.16
764,30,2025-04-28 15:31:20,0.08
765,11,2025-05-05 01:08:06,0.13
766,9,2025-04-30 03:33:07,0.13
767,28,2025-05-03 11:19:57,0.02
768,24,2025-04-29 06:53:05,0.12
769,15,2025-05-05 13:40:57,0.11
770,9,2025-05-03 10:00:10,0.04
771,26,2025-04-30 03:58:10,0.22
772,30,2025-04-29 23:33:18,0.38
773,7,2025-04-28 11:37:22,0.21
774,3,2025-05-01 13:42:58,0.18
775,5,2025-05-07 06:19:36,0.17
776,27,2025-04-29 22:37:41,0.01
777,7,2025-04-27 12:09:27,0.02
778,6,2025-05-01 00:27:14,0.23
779,29,2025-04-29 23:08:16,0.05
780,3,2025-04-29 17:01:25,0.03
781,21,2025-05-02 22:14:30,0.18
782,5,2025-05-07 06:19:23,0.13
783,21,2025-05-01 04:47:11,0.0
784,10,2025-05-06 20:23:43,0.14
785,29,2025-05-02 18:48:07,0.0
786,8,2025-05-06 22:14:33,0.19
787,8,2025-05-04 17:20:58,0.01
788,27,2025-05-03 11:56:20,0.02
789,2,2025-04-30 19:46:51,0.19
790,12,2025-04-27 15:57:41,0.08
791,11,2025-05-04 02:52:51,0.01
792,26,2025-05-05 06:28:23,0.25
793,23,2025-04-30 09:41:15,0.21
794,30,2025-04-28 08:01:51,0.16
795,6,2025-05-01 09:25:13,0.32
796,3,2025-05-04 04:16:43,0.15
797,30,2025-04-29 01:09:08,0.12
798,28,2025-05-04 22:23:40,0.05
799,21,2025-05-06 04:11:29,0.0
800,4,2025-04-30 07:43:23,0.17
801,7,2025-05-05 05:26:37,0.18
802,15,2025-05-01 04:47:54,0.02
803,15,2025-05-02 04:13:15,0.17
804,6,2025-04-27 14:23:52,0.18
805,24,2025-05-06 20:05:47,0.13
806,12,2025-05-06 17:02:43,0.05
807,1,2025-04-30 17:18:20,0.05
808,22,2025-05-06 14:32:59,0.09
809,6,2025-04-27 16:45:04,0.19
810,15,2025-05-06 08:07:59,0.08
811,5,2025-04-30 16:58:36,0.2
812,16,2025-04-30 07:54:15,0.14
813,6,2025-05-05 23:54:07,0.04
814,24,2025-05-03 19:29:12,0.07
815,8,2025-04-29 00:55:33,0.06
816,13,2025-05-05 21:28:25,0.26
817,6,2025-04-30 15:53:33,0.12
818,1,2025-05-04 20:28:35,0.06
819,22,2025-05-06 10:53:29,0.34
820,16,2025-05-05 07:51:48,0.02
821,29,2025-05-03 18:50:16,0.12
822,11,2025-04-29 15:13:32,0.09
823,27,2025-04-30 10:51:51,0.07
824,30,2025-04-29 20:12:40,0.21
825,28,2025-04-28 23:05:54,0.02
826,6,2025-05-03 13:49:35,0.17
827,14,2025-05-02 09:52:05,0.12
828,4,2025-05-05 14:00:12,0.15
829,23,2025-04-29 01:09:45,0.14
830,3,2025-05-06 15:16:48,0.21
831,3,2025-05-02 01:52:12,0.2
832,10,2025-05-06 00:11:22,0.13
833,19,2025-05-06 22:42:24,0.11
834,19,2025-04-30 01:30:45,0.1
835,11,2025-05-01 20:42:14,0.02
836,25,2025-04-29 06:17:50,0.14
837,20,2025-05-06 01:34:20,0.21
838,11,2025-04-27 08:34:22,0.12
839,14,2025-05-01 10:14:25,0.24
840,27,2025-04-29 21:25:39,0.05
841,5,2025-05-04 00:33:10,0.21
842,20,2025-05-03 04:27:35,0.15
843,6,2025-04-28 13:46:52,0.04
844,11,2025-05-05 20:48:49,0.11
845,29,2025-05-02 11:50:20,0.22
846,18,2025-05-01 09:54:16,0.22
847,24,2025-05-06 11:49:43,0.3
848,25,2025-05-05 04:36:43,0.1
849,9,2025-05-05 21:03:42,0.11
850,1,2025-05-01 04:33:01,0.03
851,7,2025-05-02 07:50:54,0.02
852,12,2025-05-02 20:38:39,0.14
853,22,2025-05-06 03:28:22,0.3
854,29,2025-04-30 21:30:41,0.05
855,14,2025-04-29 16:06:49,0.15
856,11,2025-04-28 21:06:38,0.23
857,15,2025-05-04 21:12:38,0.14
858,30,2025-05-02 06:35:41,0.15
859,6,2025-04-30 14:41:25,0.0
860,30,2025-04-30 10:41:31,0.41
861,13,2025-04-29 02:38:21,0.12
862,6,2025-05-02 09:28:00,0.02
863,2,2025-04-28 23:01:48,0.12
864,8,2025-04-29 16:11:10,0.18
865,12,2025-05-02 20:01:51,0.05
866,8,2025-05-03 17:28:47,0.08
867,29,2025-05-05 00:16:38,0.02
868,20,2025-05-01 04:25:03,0.09
869,20,2025-04-28 02:02:42,0.18
870,11,2025-04-30 21:39:40,0.01
871,7,2025-04-29 11:42:14,0.14
872,24,2025-05-02 20:51:51,0.1
873,16,2025-04-29 21:17:55,0.22
874,9,2025-05-06 20:11:28,0.05
875,3,2025-04-28 18:47:35,0.04
876,17,2025-04-28 17:50:09,0.04
877,15,2025-05-06 07:29:58,0.26
878,15,2025-05-07 06:44:53,0.24
879,21,2025-04-27 18:04:14,0.08
880,7,2025-04-28 19:25:24,0.05
881,21,2025-04-29 01:48:58,0.08
882,18,2025-04-28 23:37:38,0.03
883,7,2025-05-03 07:38:19,0.03
884,20,2025-05-05 14:30:28,0.03
885,18,2025-05-07 00:57:17,0.05
886,20,2025-05-04 00:20:48,0.07
887,15,2025-04-30 21:01:34,0.07
888,8,2025-05-01 09:21:29,0.05
889,11,2025-05-06 20:17:54,0.02
890,30,2025-05-04 08:35:10,0.0
891,24,2025-05-01 22:01:43,0.06
892,17,2025-04-28 14:04:38,0.04
893,4,2025-04-28 05:48:36,0.05
894,5,2025-05-04 17:20:29,0.12
895,26,2025-05-03 15:27:58,0.06
896,6,2025-05-05 06:37:28,0.13
897,24,2025-05-01 16:16:24,0.09
898,28,2025-05-06 05:55:35,0.08
899,14,2025-05-04 12:42:40,0.06
900,6,2025-05-02 18:25:08,0.13
901,10,2025-04-29 00:51:35,0.02
902,3,2025-05-02 16:47:46,0.1
903,12,2025-04-30 21:02:36,0.09
904,17,2025-05-01 17:06:41,0.08
905,1,2025-05-01 08:26:11,0.09
906,25,2025-05-03 03:52:13,0.06
907,23,2025-04-29 06:23:40,0.09
908,9,2025-05-01 09:36:17,0.04
909,22,2025-05-02 03:40:57,0.15
910,19,2025-05-02 13:37:17,0.26
911,12,2025-04-30 21:40:30,0.15
912,15,2025-04-27 18:10:47,0.14
913,15,2025-05-04 17:04:00,0.22
914,17,2025-05-05 02:12:22,0.11
915,9,2025-05-01 18:49:42,0.15
916,9,2025-04-29 06:35:46,0.3
917,12,2025-05-04 14:15:20,0.22
918,7,2025-05-06 02:38:16,0.09
919,25,2025-04-30 02:35:21,0.07
920,23,2025-04-29 01:16:59,0.21
921,7,2025-05-06 05:35:58,0.26
922,30,2025-05-03 03:05:32,0.07
923,8,2025-05-05 23:40:28,0.13
924,25,2025-04-29 08:38:38,0.03
925,28,2025-05-07 00:21:42,0.32
926,4,2025-05-05 03:52:55,0.08
927,28,2025-05-02 00:17:51,0.11
928,27,2025-04-27 13:04:30,0.19
929,6,2025-05-06 03:52:42,0.12
930,3,2025-05-06 23:56:35,0.08
931,13,2025-04-28 01:46:52,0.18
932,29,2025-05-07 06:13:55,0.08
933,6,2025-05-05 13:03:51,0.11
934,25,2025-05-04 05:09:27,0.14
935,6,2025-05-01 01:42:51,0.22
936,3,2025-05-06 21:03:52,0.05
937,27,2025-04-30 13:40:53,0.22
938,29,2025-05-06 06:14:58,0.01
939,5,2025-05-05 12:42:27,0.15
940,9,2025-04-30 11:48:58,0.0
941,30,2025-05-05 16:30:39,0.35
942,22,2025-04-28 20:22:51,0.33
943,4,2025-04-30 13:36:29,0.15
944,13,2025-05-05 09:39:59,0.22
945,17,2025-04-29 17:42:27,0.09
946,15,2025-05-06 11:39:51,0.02
947,13,2025-05-02 16:45:49,0.1
948,18,2025-04-29 00:43:55,0.01
949,27,2025-05-02 04:28:29,0.03
950,27,2025-05-03 15:36:32,0.03
951,13,2025-05-06 01:04:13,0.12
952,25,2025-05-04 02:26:15,0.11
953,29,2025-05-03 21:59:48,0.1
954,18,2025-04-30 03:52:25,0.02
955,17,2025-04-29 01:40:23,0.14
956,18,2025-05-02 13:54:38,0.12
957,29,2025-05-02 15:10:39,0.08
958,11,2025-05-03 13:14:36,0.29
959,21,2025-05-03 22:49:59,0.02
960,15,2025-05-03 00:55:59,0.17
961,9,2025-04-28 19:30:17,0.25
962,21,2025-05-02 21:10:42,0.08
963,23,2025-05-05 17:01:04,0.04
964,25,2025-05-05 22:27:27,0.18
965,20,2025-05-01 10:26:18,0.16
966,16,2025-04-30 14:42:46,0.18
967,9,2025-05-04 12:26:00,0.06
968,13,2025-05-02 03:05:31,0.1
969,14,2025-05-05 01:56:52,0.12
970,11,2025-04-28 19:39:35,0.15
971,8,2025-05-02 19:19:48,0.29
972,1,2025-05-06 17:34:42,0.19
973,26,2025-04-30 20:41:23,0.17
974,23,2025-05-03 14:28:23,0.28
975,24,2025-05-07 00:03:02,0.04
976,5,2025-05-05 18:58:12,0.08
977,13,2025-04-28 12:46:31,0.11
978,9,2025-05-02 02:00:49,0.23
979,17,2025-05-04 17:54:11,0.03
980,17,2025-04-30 01:31:59,0.02
981,21,2025-05-06 17:13:41,0.11
982,19,2025-05-01 06:54:01,0.13
983,7,2025-05-03 22:10:48,0.17
984,19,2025-05-06 13:59:08,0.05
985,24,2025-05-07 02:43:33,0.19
986,23,2025-05-05 07:52:45,0.05
987,5,2025-04-30 08:00:32,0.13
988,26,2025-05-03 08:33:49,0.15
989,17,2025-05-03 11:41:19,0.19
990,14,2025-05-05 05:18:06,0.25
991,19,2025-04-27 13:30:33,0.01
992,8,2025-05-01 11:53:25,0.03
993,24,2025-05-03 14:16:08,0.06
994,18,2025-05-07 03:56:09,0.06
995,16,2025-05-06 08:02:34,0.05
996,4,2025-05-02 20:04:32,0.02
997,6,2025-05-05 22:34:44,0.13
998,24,2025-05-03 11:29:37,0.01
999,23,2025-05-03 16:09:59,0.09
1000,2,2025-05-04 13:01:20,0.15
